name,by,team,Question,Answer,score
"Correia, Kyle","Anderson, Tyler",Andrews,Rate [Field-1] on Simulation Knowledge.,2. Meets Standards.  Came to lab sessions modestly prepared and exhibited a modest understanding of the simulation.
"Correia, Kyle","Anderson, Tyler",Andrews,Rate [Field-1] on willingness to cooperate with others.,1. Fails to meet Standards. Showed limited ability to listen to others and engage in constructive team discussions.
"Correia, Kyle","Anderson, Tyler",Andrews,Rate [Field-1] on Attendance at Lab Session/Team Meetings.,1. Fails to meet Standards.  At lab sessions/team meetings is frequently absent.
"Correia, Kyle","Anderson, Tyler",Andrews,Rate [Field-1] on Leadership.,1. Fails to meet Standards.  Showed no leadership qualities during simulation project.
"Correia, Kyle","Anderson, Tyler",Andrews,Rate [Field-1] on Attitude Towards Project.,1. Fails to meet Standards.  Exhibited a negative attitude towards the simulation project.
"Correia, Kyle","Anderson, Tyler",Andrews,Rate [Field-1] on Overall evaluation.,1. Fails to meet Standards. Would definitely work with this person again.
"Correia, Kyle","Anderson, Tyler",Andrews,Important: Please provide at least a couple of sentences to describe [Field-1]'s specific contribution.,jaj
"Peterson, Austin","Anderson, Tyler",Andrews,Rate [Field-1] on Simulation Knowledge.,2. Meets Standards.  Came to lab sessions modestly prepared and exhibited a modest understanding of the simulation.
"Peterson, Austin","Anderson, Tyler",Andrews,Rate [Field-1] on willingness to cooperate with others.,1. Fails to meet Standards. Showed limited ability to listen to others and engage in constructive team discussions.
"Peterson, Austin","Anderson, Tyler",Andrews,Rate [Field-1] on Attendance at Lab Session/Team Meetings.,3. Exceeds Standards.  At lab sessions/team meetings is always present.
"Peterson, Austin","Anderson, Tyler",Andrews,Rate [Field-1] on Leadership.,2.  Meets Standards.  Sometimes showed leadership qualities during simulation project.
"Peterson, Austin","Anderson, Tyler",Andrews,Rate [Field-1] on Attitude Towards Project.,2. Meets Standards.  Exhibited a modestly positive attitude towards the simulation project.
"Peterson, Austin","Anderson, Tyler",Andrews,Rate [Field-1] on Overall evaluation.,2. Meets Standards. Might work with this person again.
"Peterson, Austin","Anderson, Tyler",Andrews,Important: Please provide at least a couple of sentences to describe [Field-1]'s specific contribution.,kjhb
"Revier, Joshua","Anderson, Tyler",Andrews,Rate [Field-1] on Simulation Knowledge.,1. Fails to meet Standards.  Came to lab sessions unprepared and exhibited a very limited understanding of the simulation.
"Revier, Joshua","Anderson, Tyler",Andrews,Rate [Field-1] on willingness to cooperate with others.,1. Fails to meet Standards. Showed limited ability to listen to others and engage in constructive team discussions.
"Revier, Joshua","Anderson, Tyler",Andrews,Rate [Field-1] on Attendance at Lab Session/Team Meetings.,2. Meets Standards.  At lab sessions/team meetings is infrequently absent.
"Revier, Joshua","Anderson, Tyler",Andrews,Rate [Field-1] on Leadership.,2.  Meets Standards.  Sometimes showed leadership qualities during simulation project.
"Revier, Joshua","Anderson, Tyler",Andrews,Rate [Field-1] on Attitude Towards Project.,1. Fails to meet Standards.  Exhibited a negative attitude towards the simulation project.
"Revier, Joshua","Anderson, Tyler",Andrews,Rate [Field-1] on Overall evaluation.,1. Fails to meet Standards. Would definitely work with this person again.
"Revier, Joshua","Anderson, Tyler",Andrews,Important: Please provide at least a couple of sentences to describe [Field-1]'s specific contribution.,kb
"Torres, Evan","Anderson, Tyler",Andrews,Rate [Field-1] on Simulation Knowledge.,1. Fails to meet Standards.  Came to lab sessions unprepared and exhibited a very limited understanding of the simulation.
"Torres, Evan","Anderson, Tyler",Andrews,Rate [Field-1] on willingness to cooperate with others.,1. Fails to meet Standards. Showed limited ability to listen to others and engage in constructive team discussions.
"Torres, Evan","Anderson, Tyler",Andrews,Rate [Field-1] on Attendance at Lab Session/Team Meetings.,1. Fails to meet Standards.  At lab sessions/team meetings is frequently absent.
"Torres, Evan","Anderson, Tyler",Andrews,Rate [Field-1] on Leadership.,1. Fails to meet Standards.  Showed no leadership qualities during simulation project.
"Torres, Evan","Anderson, Tyler",Andrews,Rate [Field-1] on Attitude Towards Project.,2. Meets Standards.  Exhibited a modestly positive attitude towards the simulation project.
"Torres, Evan","Anderson, Tyler",Andrews,Rate [Field-1] on Overall evaluation.,2. Meets Standards. Might work with this person again.
"Torres, Evan","Anderson, Tyler",Andrews,Important: Please provide at least a couple of sentences to describe [Field-1]'s specific contribution.,",jbbn "
"Correia, Kyle","Anderson, Tyler",Andrews,Rate [Field-1] on Simulation Knowledge.,2. Meets Standards.  Came to lab sessions modestly prepared and exhibited a modest understanding of the simulation.
"Correia, Kyle","Anderson, Tyler",Andrews,Rate [Field-1] on willingness to cooperate with others.,3. Exceeds Standards.  Showed strong ability to listen to others and engage in constructive team discussions.
"Correia, Kyle","Anderson, Tyler",Andrews,Rate [Field-1] on Attendance at Lab Session/Team Meetings.,2. Meets Standards.  At lab sessions/team meetings is infrequently absent.
"Correia, Kyle","Anderson, Tyler",Andrews,Rate [Field-1] on Leadership.,3. Exceeds Standards.  Showed exceptional leadership qualities during simulation project.
"Correia, Kyle","Anderson, Tyler",Andrews,Rate [Field-1] on Attitude Towards Project.,2. Meets Standards.  Exhibited a modestly positive attitude towards the simulation project.
"Correia, Kyle","Anderson, Tyler",Andrews,Rate [Field-1] on Overall evaluation.,1. Fails to meet Standards. Would definitely work with this person again.
"Correia, Kyle","Anderson, Tyler",Andrews,Important: Please provide at least a couple of sentences to describe [Field-1]'s specific contribution.,kv cjhbs
"Peterson, Austin","Anderson, Tyler",Andrews,Rate [Field-1] on Simulation Knowledge.,2. Meets Standards.  Came to lab sessions modestly prepared and exhibited a modest understanding of the simulation.
"Peterson, Austin","Anderson, Tyler",Andrews,Rate [Field-1] on willingness to cooperate with others.,2. Meets Standards.  Showed modest ability to listen to others and engage in constructive team discussions.
"Peterson, Austin","Anderson, Tyler",Andrews,Rate [Field-1] on Attendance at Lab Session/Team Meetings.,3. Exceeds Standards.  At lab sessions/team meetings is always present.
"Peterson, Austin","Anderson, Tyler",Andrews,Rate [Field-1] on Leadership.,3. Exceeds Standards.  Showed exceptional leadership qualities during simulation project.
"Peterson, Austin","Anderson, Tyler",Andrews,Rate [Field-1] on Attitude Towards Project.,2. Meets Standards.  Exhibited a modestly positive attitude towards the simulation project.
"Peterson, Austin","Anderson, Tyler",Andrews,Rate [Field-1] on Overall evaluation.,3. Exceeds Standards. Would definitely work with this person again.
"Peterson, Austin","Anderson, Tyler",Andrews,Important: Please provide at least a couple of sentences to describe [Field-1]'s specific contribution.,hi
"Revier, Joshua","Anderson, Tyler",Andrews,Rate [Field-1] on Simulation Knowledge.,2. Meets Standards.  Came to lab sessions modestly prepared and exhibited a modest understanding of the simulation.
"Revier, Joshua","Anderson, Tyler",Andrews,Rate [Field-1] on willingness to cooperate with others.,3. Exceeds Standards.  Showed strong ability to listen to others and engage in constructive team discussions.
"Revier, Joshua","Anderson, Tyler",Andrews,Rate [Field-1] on Attendance at Lab Session/Team Meetings.,3. Exceeds Standards.  At lab sessions/team meetings is always present.
"Revier, Joshua","Anderson, Tyler",Andrews,Rate [Field-1] on Leadership.,2.  Meets Standards.  Sometimes showed leadership qualities during simulation project.
"Revier, Joshua","Anderson, Tyler",Andrews,Rate [Field-1] on Attitude Towards Project.,2. Meets Standards.  Exhibited a modestly positive attitude towards the simulation project.
"Revier, Joshua","Anderson, Tyler",Andrews,Rate [Field-1] on Overall evaluation.,2. Meets Standards. Might work with this person again.
"Revier, Joshua","Anderson, Tyler",Andrews,Important: Please provide at least a couple of sentences to describe [Field-1]'s specific contribution.,hi
"Torres, Evan","Anderson, Tyler",Andrews,Rate [Field-1] on Simulation Knowledge.,3. Exceeds Standards.  Came to lab sessions well prepared and exhibited a very strong understanding of the simulation.
"Torres, Evan","Anderson, Tyler",Andrews,Rate [Field-1] on willingness to cooperate with others.,3. Exceeds Standards.  Showed strong ability to listen to others and engage in constructive team discussions.
"Torres, Evan","Anderson, Tyler",Andrews,Rate [Field-1] on Attendance at Lab Session/Team Meetings.,3. Exceeds Standards.  At lab sessions/team meetings is always present.
"Torres, Evan","Anderson, Tyler",Andrews,Rate [Field-1] on Leadership.,3. Exceeds Standards.  Showed exceptional leadership qualities during simulation project.
"Torres, Evan","Anderson, Tyler",Andrews,Rate [Field-1] on Attitude Towards Project.,3.  Exceeds Standards.  Exhibited a strong positive attitude towards the simulation project.
"Torres, Evan","Anderson, Tyler",Andrews,Rate [Field-1] on Overall evaluation.,3. Exceeds Standards. Would definitely work with this person again.
"Torres, Evan","Anderson, Tyler",Andrews,Important: Please provide at least a couple of sentences to describe [Field-1]'s specific contribution.,hi
"Garate, Felisa","Bridge, Katie",Baldwin,Rate [Field-1] on Simulation Knowledge.,1. Fails to meet Standards.  Came to lab sessions unprepared and exhibited a very limited understanding of the simulation.
"Garate, Felisa","Bridge, Katie",Baldwin,"Rate [Field-1] on
Willingness to Cooperate with Others.",1. Fails to meet Standards. Showed limited ability to listen to others and engage in constructive team discussions.
"Garate, Felisa","Bridge, Katie",Baldwin,Rate [Field-1] on Attendance at Lab Session/Team Meetings.,1. Fails to meet Standards.  At lab sessions/team meetings is frequently absent.
"Garate, Felisa","Bridge, Katie",Baldwin,Rate [Field-1] on Leadership.,1. Fails to meet Standards.  Showed no leadership qualities during simulation project.
"Garate, Felisa","Bridge, Katie",Baldwin,Rate [Field-1] on Attitude Towards Project.,1. Fails to meet Standards.  Exhibited a negative attitude towards the simulation project.
"Garate, Felisa","Bridge, Katie",Baldwin,Rate [Field-1] on Overall evaluation.,1.Fails to meet Standards. Would definitely work with this person again.
"Garate, Felisa","Bridge, Katie",Baldwin,Important: Please provide at least a couple of sentences to describe [Field-1]'s specific contribution.,good
"Kuwahara, Youki","Bridge, Katie",Baldwin,Rate [Field-1] on Simulation Knowledge.,1. Fails to meet Standards.  Came to lab sessions unprepared and exhibited a very limited understanding of the simulation.
"Kuwahara, Youki","Bridge, Katie",Baldwin,"Rate [Field-1] on
Willingness to Cooperate with Others.",2. Meets Standards.  Showed modest ability to listen to others and engage in constructive team discussions.
"Kuwahara, Youki","Bridge, Katie",Baldwin,Rate [Field-1] on Attendance at Lab Session/Team Meetings.,2. Meets Standards.  At lab sessions/team meetings is infrequently absent.
"Kuwahara, Youki","Bridge, Katie",Baldwin,Rate [Field-1] on Leadership.,3. Exceeds Standards.  Showed exceptional leadership qualities during simulation project.
"Kuwahara, Youki","Bridge, Katie",Baldwin,Rate [Field-1] on Attitude Towards Project.,3.  Exceeds Standards.  Exhibited a strong positive attitude towards the simulation project.
"Kuwahara, Youki","Bridge, Katie",Baldwin,Rate [Field-1] on Overall evaluation.,1.Fails to meet Standards. Would definitely work with this person again.
"Kuwahara, Youki","Bridge, Katie",Baldwin,Important: Please provide at least a couple of sentences to describe [Field-1]'s specific contribution.,bad
"Lumbert, Samuel","Bridge, Katie",Baldwin,Rate [Field-1] on Simulation Knowledge.,1. Fails to meet Standards.  Came to lab sessions unprepared and exhibited a very limited understanding of the simulation.
"Lumbert, Samuel","Bridge, Katie",Baldwin,"Rate [Field-1] on
Willingness to Cooperate with Others.",1. Fails to meet Standards. Showed limited ability to listen to others and engage in constructive team discussions.
"Lumbert, Samuel","Bridge, Katie",Baldwin,Rate [Field-1] on Attendance at Lab Session/Team Meetings.,2. Meets Standards.  At lab sessions/team meetings is infrequently absent.
"Lumbert, Samuel","Bridge, Katie",Baldwin,Rate [Field-1] on Leadership.,1. Fails to meet Standards.  Showed no leadership qualities during simulation project.
"Lumbert, Samuel","Bridge, Katie",Baldwin,Rate [Field-1] on Attitude Towards Project.,1. Fails to meet Standards.  Exhibited a negative attitude towards the simulation project.
"Lumbert, Samuel","Bridge, Katie",Baldwin,Rate [Field-1] on Overall evaluation.,1.Fails to meet Standards. Would definitely work with this person again.
"Lumbert, Samuel","Bridge, Katie",Baldwin,Important: Please provide at least a couple of sentences to describe [Field-1]'s specific contribution.,excellent
"Soto Ortiz, Ashlee","Bridge, Katie",Baldwin,Rate [Field-1] on Simulation Knowledge.,3. Exceeds Standards.  Came to lab sessions well prepared and exhibited a very strong understanding of the simulation.
"Soto Ortiz, Ashlee","Bridge, Katie",Baldwin,"Rate [Field-1] on
Willingness to Cooperate with Others.",3. Exceeds Standards.  Showed strong ability to listen to others and engage in constructive team discussions.
"Soto Ortiz, Ashlee","Bridge, Katie",Baldwin,Rate [Field-1] on Attendance at Lab Session/Team Meetings.,3. Exceeds Standards.  At lab sessions/team meetings is always present.
"Soto Ortiz, Ashlee","Bridge, Katie",Baldwin,Rate [Field-1] on Leadership.,3. Exceeds Standards.  Showed exceptional leadership qualities during simulation project.
"Soto Ortiz, Ashlee","Bridge, Katie",Baldwin,Rate [Field-1] on Attitude Towards Project.,3.  Exceeds Standards.  Exhibited a strong positive attitude towards the simulation project.
"Soto Ortiz, Ashlee","Bridge, Katie",Baldwin,Rate [Field-1] on Overall evaluation.,3. Exceeds Standards. Would definitely work with this person again.
"Soto Ortiz, Ashlee","Bridge, Katie",Baldwin,Important: Please provide at least a couple of sentences to describe [Field-1]'s specific contribution.,very bad
"Blais, Nicholas","Bumpus, Mackenzie",Chester,Rate [Field-1] on Simulation Knowledge.,2. Meets Standards.  Came to lab sessions modestly prepared and exhibited a modest understanding of the simulation.
"Blais, Nicholas","Bumpus, Mackenzie",Chester,Rate [Field-1] on willingness to cooperate with others.,1. Fails to meet Standards. Showed limited ability to listen to others and engage in constructive team discussions.
"Blais, Nicholas","Bumpus, Mackenzie",Chester,Rate [Field-1] on Attendance at Lab Session/Team Meetings.,2. Meets Standards.  At lab sessions/team meetings is infrequently absent.
"Blais, Nicholas","Bumpus, Mackenzie",Chester,Rate [Field-1] on Leadership.,3. Exceeds Standards.  Showed exceptional leadership qualities during simulation project.
"Blais, Nicholas","Bumpus, Mackenzie",Chester,Rate [Field-1] on Attitude Towards Project.,2. Meets Standards.  Exhibited a modestly positive attitude towards the simulation project.
"Blais, Nicholas","Bumpus, Mackenzie",Chester,Rate [Field-1] on Overall evaluation.,2. Meets Standards. Might work with this person again.
"Blais, Nicholas","Bumpus, Mackenzie",Chester,Important: Please provide at least a couple of sentences to describe [Field-1]'s specific contribution.,hi
"Brown, Rohanna","Bumpus, Mackenzie",Chester,Rate [Field-1] on Simulation Knowledge.,3. Exceeds Standards.  Came to lab sessions well prepared and exhibited a very strong understanding of the simulation.
"Brown, Rohanna","Bumpus, Mackenzie",Chester,Rate [Field-1] on willingness to cooperate with others.,3. Exceeds Standards.  Showed strong ability to listen to others and engage in constructive team discussions.
"Brown, Rohanna","Bumpus, Mackenzie",Chester,Rate [Field-1] on Attendance at Lab Session/Team Meetings.,3. Exceeds Standards.  At lab sessions/team meetings is always present.
"Brown, Rohanna","Bumpus, Mackenzie",Chester,Rate [Field-1] on Leadership.,3. Exceeds Standards.  Showed exceptional leadership qualities during simulation project.
"Brown, Rohanna","Bumpus, Mackenzie",Chester,Rate [Field-1] on Attitude Towards Project.,3.  Exceeds Standards.  Exhibited a strong positive attitude towards the simulation project.
"Brown, Rohanna","Bumpus, Mackenzie",Chester,Rate [Field-1] on Overall evaluation.,3. Exceeds Standards. Would definitely work with this person again.
"Brown, Rohanna","Bumpus, Mackenzie",Chester,Important: Please provide at least a couple of sentences to describe [Field-1]'s specific contribution.,hi
"Cistrunk, Jonathan","Bumpus, Mackenzie",Chester,Rate [Field-1] on Simulation Knowledge.,3. Exceeds Standards.  Came to lab sessions well prepared and exhibited a very strong understanding of the simulation.
"Cistrunk, Jonathan","Bumpus, Mackenzie",Chester,Rate [Field-1] on willingness to cooperate with others.,3. Exceeds Standards.  Showed strong ability to listen to others and engage in constructive team discussions.
"Cistrunk, Jonathan","Bumpus, Mackenzie",Chester,Rate [Field-1] on Attendance at Lab Session/Team Meetings.,3. Exceeds Standards.  At lab sessions/team meetings is always present.
"Cistrunk, Jonathan","Bumpus, Mackenzie",Chester,Rate [Field-1] on Leadership.,3. Exceeds Standards.  Showed exceptional leadership qualities during simulation project.
"Cistrunk, Jonathan","Bumpus, Mackenzie",Chester,Rate [Field-1] on Attitude Towards Project.,3.  Exceeds Standards.  Exhibited a strong positive attitude towards the simulation project.
"Cistrunk, Jonathan","Bumpus, Mackenzie",Chester,Rate [Field-1] on Overall evaluation.,3. Exceeds Standards. Would definitely work with this person again.
"Cistrunk, Jonathan","Bumpus, Mackenzie",Chester,Important: Please provide at least a couple of sentences to describe [Field-1]'s specific contribution.,hi
"Royal, Delina","Bumpus, Mackenzie",Chester,Rate [Field-1] on Simulation Knowledge.,3. Exceeds Standards.  Came to lab sessions well prepared and exhibited a very strong understanding of the simulation.
"Royal, Delina","Bumpus, Mackenzie",Chester,Rate [Field-1] on willingness to cooperate with others.,3. Exceeds Standards.  Showed strong ability to listen to others and engage in constructive team discussions.
"Royal, Delina","Bumpus, Mackenzie",Chester,Rate [Field-1] on Attendance at Lab Session/Team Meetings.,2. Meets Standards.  At lab sessions/team meetings is infrequently absent.
"Royal, Delina","Bumpus, Mackenzie",Chester,Rate [Field-1] on Leadership.,3. Exceeds Standards.  Showed exceptional leadership qualities during simulation project.
"Royal, Delina","Bumpus, Mackenzie",Chester,Rate [Field-1] on Attitude Towards Project.,3.  Exceeds Standards.  Exhibited a strong positive attitude towards the simulation project.
"Royal, Delina","Bumpus, Mackenzie",Chester,Rate [Field-1] on Overall evaluation.,1. Fails to meet Standards. Would definitely not work with this person again.
"Royal, Delina","Bumpus, Mackenzie",Chester,Important: Please provide at least a couple of sentences to describe [Field-1]'s specific contribution.,hi
"Cross, Zachary","Ferreira, Jonathon",Ferris,Rate [Field-1] on Simulation Knowledge.,3. Exceeds Standards.  Came to lab sessions well prepared and exhibited a very strong understanding of the simulation.
"Cross, Zachary","Ferreira, Jonathon",Ferris,Rate [Field-1] on willingness to cooperate with others.,3. Exceeds Standards.  Showed strong ability to listen to others and engage in constructive team discussions.
"Cross, Zachary","Ferreira, Jonathon",Ferris,"Rate [Field-1] on
Attendance at Lab Sessions/Team Meetings.",3. Exceeds Standards.  At lab sessions/team meetings is always present.
"Cross, Zachary","Ferreira, Jonathon",Ferris,Rate [Field-1] on Leadership.,3. Exceeds Standards.  Showed exceptional leadership qualities during simulation project.
"Cross, Zachary","Ferreira, Jonathon",Ferris,Rate [Field-1] on Attitude Towards Project.,3.  Exceeds Standards.  Exhibited a strong positive attitude towards the simulation project.
"Cross, Zachary","Ferreira, Jonathon",Ferris,Rate [Field-1] on Overall evalution.,2. Meets Standards. Might work with this person again.
"Cross, Zachary","Ferreira, Jonathon",Ferris,Important: Please provide at least a couple of sentences to describe [Field-1]'s specific contribution.,hi
"He, Chengcheng","Ferreira, Jonathon",Ferris,Rate [Field-1] on Simulation Knowledge.,3. Exceeds Standards.  Came to lab sessions well prepared and exhibited a very strong understanding of the simulation.
"He, Chengcheng","Ferreira, Jonathon",Ferris,Rate [Field-1] on willingness to cooperate with others.,3. Exceeds Standards.  Showed strong ability to listen to others and engage in constructive team discussions.
"He, Chengcheng","Ferreira, Jonathon",Ferris,"Rate [Field-1] on
Attendance at Lab Sessions/Team Meetings.",2. Meets Standards.  At lab sessions/team meetings is infrequently absent.
"He, Chengcheng","Ferreira, Jonathon",Ferris,Rate [Field-1] on Leadership.,2.  Meets Standards.  Sometimes showed leadership qualities during simulation project.
"He, Chengcheng","Ferreira, Jonathon",Ferris,Rate [Field-1] on Attitude Towards Project.,2. Meets Standards.  Exhibited a modestly positive attitude towards the simulation project.
"He, Chengcheng","Ferreira, Jonathon",Ferris,Rate [Field-1] on Overall evalution.,2. Meets Standards. Might work with this person again.
"He, Chengcheng","Ferreira, Jonathon",Ferris,Important: Please provide at least a couple of sentences to describe [Field-1]'s specific contribution.,hi
"Reardon, Daniel","Ferreira, Jonathon",Ferris,Rate [Field-1] on Simulation Knowledge.,1. Fails to meet Standards.  Came to lab sessions unprepared and exhibited a very limited understanding of the simulation.
"Reardon, Daniel","Ferreira, Jonathon",Ferris,Rate [Field-1] on willingness to cooperate with others.,3. Exceeds Standards.  Showed strong ability to listen to others and engage in constructive team discussions.
"Reardon, Daniel","Ferreira, Jonathon",Ferris,"Rate [Field-1] on
Attendance at Lab Sessions/Team Meetings.",3. Exceeds Standards.  At lab sessions/team meetings is always present.
"Reardon, Daniel","Ferreira, Jonathon",Ferris,Rate [Field-1] on Leadership.,2.  Meets Standards.  Sometimes showed leadership qualities during simulation project.
"Reardon, Daniel","Ferreira, Jonathon",Ferris,Rate [Field-1] on Attitude Towards Project.,3.  Exceeds Standards.  Exhibited a strong positive attitude towards the simulation project.
"Reardon, Daniel","Ferreira, Jonathon",Ferris,Rate [Field-1] on Overall evalution.,3. Exceeds Standards. Would definitely work with this person again
"Reardon, Daniel","Ferreira, Jonathon",Ferris,Important: Please provide at least a couple of sentences to describe [Field-1]'s specific contribution.,hi
"van der Meer, Olivia","Ferreira, Jonathon",Ferris,Rate [Field-1] on Simulation Knowledge.,2. Meets Standards.  Came to lab sessions modestly prepared and exhibited a modest understanding of the simulation.
"van der Meer, Olivia","Ferreira, Jonathon",Ferris,Rate [Field-1] on willingness to cooperate with others.,2. Meets Standards.  Showed modest ability to listen to others and engage in constructive team discussions.
"van der Meer, Olivia","Ferreira, Jonathon",Ferris,"Rate [Field-1] on
Attendance at Lab Sessions/Team Meetings.",2. Meets Standards.  At lab sessions/team meetings is infrequently absent.
"van der Meer, Olivia","Ferreira, Jonathon",Ferris,Rate [Field-1] on Leadership.,3. Exceeds Standards.  Showed exceptional leadership qualities during simulation project.
"van der Meer, Olivia","Ferreira, Jonathon",Ferris,Rate [Field-1] on Attitude Towards Project.,3.  Exceeds Standards.  Exhibited a strong positive attitude towards the simulation project.
"van der Meer, Olivia","Ferreira, Jonathon",Ferris,Rate [Field-1] on Overall evalution.,2. Meets Standards. Might work with this person again.
"van der Meer, Olivia","Ferreira, Jonathon",Ferris,Important: Please provide at least a couple of sentences to describe [Field-1]'s specific contribution.,hi
